รหัสวิชา,ชื่อรายวิชา,Credit,หน่วยกิต,หมวดวิชา,คำอธิบายรายวิชาภาษาไทย,คำอธิบายรายวิชาภาษาอังกฤษ,
GE-010-001,ภาษาอังกฤษง่ายนิดเดียว (English is easy),3,3(3-0-6),ศึกษาทั่วไป (พื้นฐาน),คำศัพท์ วลีและโครงสร้างประโยคภาษาอังกฤษเพื่อการสื่อสารในชีวิตประจำวัน ทักษะการฟังและสนทนาประโยคภาษาอังกฤษในสถานการณ์ต่าง ๆ และอ่าน ข้อความหรือเนื้อหาสั้น ๆ ที่น่าสนใจ,"Vocabulary, phrases, and sentence structures of English for communicating in daily life; listening and conversational skills through common English sentences used in various situations; and reading short, interesting texts of varying text types   ",
GE-010-002,ภาษาอังกฤษฟุดฟิดฟอฟัน (English is fun),3,3(3-0-6),ศึกษาทั่วไป (พื้นฐาน),การสื่อสารและใช้ภาษาอังกฤษในบริบทต่าง ๆ คำศัพท์ ประโยค ไวยากรณ์และ สำนวนภาษาอังกฤษในสังคมพหุวัฒนธรรม การฟัง การเขียนและโต้ตอบในบริบท การท่องเที่ยว เดินทาง และเพื่อนต่างวัฒนธรรม,"Using English to communicate in various contexts; vocabulary, grammatical structures of English sentences and idioms commonly used in multicultural social settings; listening, writing, and interacting with other people from different cultures in a variety of travel-and- tourism situations   ",
GE-010-003,ดิจิทัลกับชีวิตวิถีใหม่ (Digital Technology of New Normal),3,3(2-2-5),ศึกษาทั่วไป (พื้นฐาน),เทคโนโลยีดิจิทัล คอมพิวเตอร์ ออนไลน์ Word processing Presentation Spreadsheet Excel การใช้งานโปรแกรมประยุกต์สำหรับสำนักงาน กฎหมาย เกี่ยวกับดิจิทัล,"Digital technology studies including online computer applications; word processing, presentation tools, and spreadsheet, office application skills, and cybercrime laws   ",
GE-010-004,คุณค่ามหาวิทยาลัยกาฬสินธุ์ (Value of Kalasin University),3,3(2-2-5),ศึกษาทั่วไป (พื้นฐาน),ความสำคัญของค่านิยมและวัฒนธรรมองค์กรในระดับหน่วยงาน สังคม และ ประเทศ ผลงานทางวิชาการของมหาวิทยาลัย จัดกิจกรรมทางวิชาการ การจัดการ ทรัพยากร และผู้ประกอบการเพื่อการพัฒนาท้องถิ่น,"The importance of value and cooperate culture of departments, social and nation, published academic works of Kalasin University, academic activities management, and community servicing   ",
GE-010-005,ชีวิตออกแบบได้ (Ideal Life),3,3(3-0-6),ศึกษาทั่วไป (พื้นฐาน),ปัจจัยและความสำคัญของแรงบันดาลใจในการใช้ชีวิต เทคนิคและวิธีคิดของผู้ ประสบความสำเร็จ เรียนรู้สถานการณ์ต่าง ๆ ด้วยตนเอง วิเคราะห์และวางแผน เป้าหมายชีวิต การสร้างความสัมพันธ์ระหว่างบุคคล การแสดงลักษณะท่าทาง การวางตัว การมีมนุษยสัมพันธ์,"Importance and factors of life inspiration, concepts and ideas of very successful people, self-learning through different real-life situations, analyzing and planning life goals, socializing, manners, and interpersonal skills   ",
GE-010-006,ปรัชญามนุษย์ สังคมและเศรษฐศาสตร์ (Human philosophy society and economics),3,3(3-0-6),ศึกษาทั่วไป (พื้นฐาน),สภาพแวดล้อมทางสังคม เศรษฐกิจ และการเมือง การปกครองทั้งภายในและ ภายนอกประเทศ หลักการบริหาร หลักกฎหมายเบื้องต้น วิเคราะห์ปัญหาด้าน จริยธรรมทางเศรษฐกิจระดับบุคคล ระดับองค์กร ระดับประเทศและระดับโลกที่ เกิดขึ้นในสังคมปัจจุบัน อุปสงค์ อุปทาน ทฤษฎีพฤติกรรมผู้บริโภค การบริโภค การออมและการลงทุน ปัญหาเงินเฟ้อ เงินฝืด การว่างงาน และปรัชญาเศรษฐกิจ พอเพียง,"Social, economic, and political environment; inside and outside Thailand; administrative principles; principle of basic law; economic ethics issues at the individual level, organizational level, national and global levels emerging in today's society; demand; supply; consumer behavior theory; consumption; savings and investment; inflation, deflation, and unemployment problems, sufficiency economy philosophy   ",
GE-020-003,ภาษาไทยเชิงสร้างสรรค์ (Practical Thai for communication),3,3(3-0-6),ศึกษาทั่วไป (เลือก),การพูดในที่สาธารณะ การพูดเพื่อสร้างแรงบันดาลใจ การนำเสนอเชิงวิชาการ การนำเสนอเพื่อสร้างความสนใจ การอ่านและการฟังเพื่อจับใจความ และการเขียน เพื่อนำเสนอตนเอง,"Public speaking, inspiration talks, practical academic presentations, comprehensive reading and listening, and autobiography writing   ",
GE-020-008,การพัฒนาธุรกิจในสังคมดิจิทัล (Entrepreneur Studies),3,3(3-0-6),ศึกษาทั่วไป (เลือก),หลักการเป็นผู้ประกอบการ การบริหารทรัพยากร เวลา การเงิน การบัญชีและ ระบบการขนส่งเบื้องต้น ดิจิทัลมาร์เก็ตติ้ง การสร้างเนื้อหาที่น่าสนใจเพื่อการตลาด การวางแผนการเงิน,"Entrepreneur studies, resources, time, and money management, accounting skills, basic logistic system, digital marketing, and effective marketing content creation, and money budgeting   ",
SC-061-103,แคลคูลัสสำหรับวิศวกรรม 1,3,3(3-0-6),วิชาแกน,พีชคณิตเวกเตอร์ในสามมิติ ฟังก์ชัน ลิมิตและความต่อเนื่อง อนุพันธ์ การประยุกต์ของอนุพันธ์และรูปแบบยังไม่กำหนด ปริพันธ์ไม่จำกัดเขต เทคนิคของการหาปริพันธ์ ปริพันธ์จำกัดเขตและการประยุกต์,,
SC-061-104,แคลคูลัสสำหรับวิศวกรรม 2,3,3(3-0-6),วิชาแกน,พิกัดเชิงขั้วและสมการอ้างอิงตัวแปรเสริม เส้นระนาบ และผิวในปริภูมิสามมิติ แคลคูลัสของฟังก์ชันค่าจริงของสองตัวแปรและการประยุกต์ การประยุกต์อนุพันธ์ย่อยและปริพันธ์สองชั้น แคลคูลัสของฟังก์ชันค่าจริงของหลายตัวแปรและการประยุกต์,,
EN-001-001,เขียนแบบวิศวกรรม,3,3(2-3-6),วิชาแกน,พื้นฐานงานเขียนแบบ การเขียนตัวอักษร การฉายภาพออโธกราฟฟิกส์ การเขียนภาพฉายออโธกราฟฟิกส์ การกำหนดขนาดและค่าพิกัดความเผื่อ ภาพตัดแบบต่างๆ ภาพช่วยและแผ่นคลี่ การเขียนภาพร่างด้วยมือเปล่า การเขียนภาพประกอบและภาพแยกชิ้น การเขียนแบบงานด้วยคอมพิวเตอร์ ปฏิบัติการเขียนแบบสอดคล้องและครอบคลุมเนื้อหาทางด้านทฤษฎี,,
EN-001-002,การโปรแกรมคอมพิวเตอร์,3,3(2-3-6),วิชาแกน,แนวคิดและองค์ประกอบของระบบคอมพิวเตอร์ การอันตรกิริยาระหว่างฮาร์ดแวร์และซอฟต์แวร์ การเขียนโปรแกรมด้วยภาษาที่เป็นปัจจุบัน ปฏิบัติการเขียนโปรแกรม,,
EN-001-006,วิศวกรรมไฟฟ้าพื้นฐาน,3,3(2-3-6),วิชาแกน,การวิเคราะห์วงจรไฟฟ้ากระแสตรงและไฟฟ้ากระแสสลับเบื้องต้น แรงดันไฟฟ้า กระแสไฟฟ้าและกำลังไฟฟ้า หม้อแปลงไฟฟ้า พื้นฐานเครื่องจักรกลไฟฟ้า เครื่องกำเนิดไฟฟ้า มอเตอร์ไฟฟ้า และการประยุกต์ใช้งาน หลักการของระบบไฟฟ้ากำลัง 3 เฟส วิธีการส่งจ่ายกำลังไฟฟ้า พื้นฐานเครื่องมือวัดไฟฟ้า ปฏิบัติการวิศวกรรมไฟฟ้ามูลฐานสอดคล้องและครอบคลุมเนื้อหาทางด้านทฤษฎี,,
EN-001-007,ความน่าจะเป็นและสถิติวิศวกรรม,3,3(3-0-6),วิชาแกน,การนำเสนอข้อมูลและการวิเคราะห์ข้อมูล ทฤษฎีความน่าจะเป็น ตัวแปรสุ่มและการแจกแจงความน่าจะเป็น การอนุมานเชิงสถิติ การทดสอบสมมติฐาน การวิเคราะห์ความแปรปรวน การวิเคราะห์สมการถดถอยและสหสัมพันธ์ การใช้วิธีทางสถิติเป็นเครื่องมือในการแก้ปัญหา,,
EN-001-016,ระบบควบคุมอัตโนมัติ,3,3(2-2-5),วิชาแกน,แนะนำการควบคุมในอุตสาหกรรม เซ็นเซอร์และทรานสดิวเซอร์ ตัวควบคุมแอนะล็อก ตัวควบคุมดิจิทัล การควบคุมแบบลำดับ ตัวควบคุมแบบใช้โปรแกรมได้ (PLC) การโปรแกรมตัวควบคุมแบบโปรแกรมได้ การต่อเชื่อมของตัวควบคุมแบบโปรแกรมได้ การประยุกต์ใช้ตัวควบคุมแบบโปรแกรมได้ในระบบอัตโนมัติ,,
EN-001-017,วิศวกรรมหุ่นยนต์เบื้องต้น,3,3(2-2-5),วิชาแกน,วิทยาการของหุ่นยนต์ขั้นแนะนำ โครงสร้างของระบบหุ่นยนต์ ศึกษาและปฏิบัติการทางด้านหุ่นยนต์ ควบคุมหุ่นยนต์ ระบบพิกัดหุ่นยนต์ จลนศาสตร์ของหุ่นยนต์ ตัวขับเคลื่อนของหุ่นยนต์ พื้นฐานด้านอิเล็กทรอนิกส์สำหรับหุ่นยนต์ ตัวรับรู้ของหุ่นยนต์ แบบจำลองคอมพิวเตอร์กราฟิกสำหรับหุ่นยนต์ หุ่นยนต์ ระบบสื่อสาร และควบคุมของหุ่นยนต์,,
EN-001-018,ปฏิบัติการการออกแบบวงจรอิเล็กทรอนิกส์ด้วยคอมพิวเตอร์,1,1(0-3-2),วิชาแกน,ปฏิบัติการใช้งานโปรแกรมคอมพิวเตอร์ช่วยออกแบบ เขียนแบบวงจรอิเล็กทรอนิกส์และลายวงจรพิมพ์ การใช้โปรแกรมในการจำลองการทำงานของวงจร ออกแบบและทดลองวงจรอิเล็กทรอนิกส์,,
EN-001-019,แก่นวิศวกรรมคอมพิวเตอร์,3,3(2-2-5),วิชาแกน,ภาพรวมของวิศวกรรมคอมพิวเตอร์ ระบบสารสนเทศ และเทคโนโลยีสารสนเทศ ฮาร์ดแวร์และซอฟต์แวร์ วงจรตรรกและหน่วยประมวลผล อัลกอริทึมและโปรแกรม ฐานข้อมูล เครือข่ายคอมพิวเตอร์และอินเตอร์เน็ต ปัญญาประดิษฐ์และหุ่นยนต์ ระบบฝังตัว ศูนย์ข้อมูล ความปลอดภัย จริยธรรมทางคอมพิวเตอร์ ทรัพย์สินทางปัญญา การดูงานเชิงวิชาการอุตสาหกรรมคอมพิวเตอร์,,
EN-001-020,การเขียนโปรแกรมและแก้ปัญหา,2,2(1-2-3),วิชาแกน,การเขียนโปรแกรมดำเนินการทางคณิตศาสตร์ ตรรกศาสตร์ เซ็ต เรขาคณิต เวกเตอร์ เมทริกซ์ และปัญหาเกี่ยวกับความน่าจะเป็น การโปรแกรมคอมพิวเตอร์เพื่อนำความรู้เบื้องต้นและประยุกต์ใช้ในแก้ปัญหาโจทย์งาน วิทยาศาสตร์ข้อมูล หุ่นยนต์เคลื่อนที่และระบบอัตโนมัติในอินเตอร์เน็ตของสรรพสิ่ง,,
EN-012-314,ปัญญาประดิษฐ์,3,3(2-2-5),วิชาเฉพาะด้าน,แนะนำความรู้เบื้องต้นปัญญาประดิษฐ์ แนวทางในการแทนความรู้ รวมทั้งเฟรม สคริปต์ กฎ และลอจิก เทคนิคเชิงปัญญาประดิษฐ์ ได้แก่ วิธีการค้นหาแบบตาบอด ลอจิก และระบบที่ใช้กฎ โครงข่ายประสาทเทียม เจเนอริคทาสก์ แนะนำถึงปัญหาที่ตรวจสอบ การเรียนรู้ของเครื่องจักร เอเจนต์ที่ใช้ฐานความรู้ ความเข้าใจภาษาธรรมชาติ การรับรู้ของคอมพิวเตอร์ การวางแผน และการเล่นเกม,,
EN-012-316,วิทยาการข้อมูลและการแสดงผลข้อมูล,3,3(2-2-5),วิชาเฉพาะด้าน,การจัดเตรียมข้อมูล การแสดงข้อมูลกราฟสำหรับการวิเคราะห์ การวิเคราะห์ข้อมูลเบื้องต้นเกี่ยวกับข้อมูลขนาดใหญ่และวิทยาการข้อมูล,,
EN-012-209,การเขียนโปรแกรมคอมพิวเตอร์ขั้นสูง,3,3(2-3-6),วิชาเฉพาะด้าน,วิธีวิทยาการทำโปรแกรม การทำโปรแกรมเชิงวัตถุ การทำโปรแกรมแบบทำตามเหตุการณ์ การทำโปรแกรมแบบภาวะพร้อมกัน การจัดการข้อผิดพลาดและข้อยกเว้น ส่วนต่อประสานสำหรับโปรแกรมประยุกต์ (เอพีไอ) เครื่องมือการทำโปรแกรม รูปแบบ และปฏิบัติการทำโปรแกรม,,
EN-012-313,ระบบฐานข้อมูล,3,3(2-3-6),วิชาเฉพาะด้าน,แนวคิดของระบบฐานข้อมูล แฟ้มข้อมูลและฐานข้อมูล สถาปัตยกรรมของระบบฐานข้อมูล หน่วยข้อมูลและความสัมพันธ์ของหน่วยข้อมูล การออกแบบฐานข้อมูลด้วยวิธีแผนภาพอีอาร์ การออกแบบฐานข้อมูลด้วยวิธีนอร์มัลไลเซชัน โครงสร้างฐานข้อมูลด้วยวิธีนอร์มัลไลเซชัน โครงสร้างฐานข้อมูลแบบลำดับชั้น แบบเครือข่ายและแบบเชิงสัมพันธ์ ภาษาฐานข้อมูลและภาษาเรียกค้นหา โครงสร้างฐานข้อมูลที่ไม่ใช้เอสคิวแอล ฐานข้อมูลแบบกระจาย กรณีศึกษาในการใช้ฐานข้อมูล,,
EN-012-315,วิศวกรรมซอฟต์แวร์,3,3(2-2-5),วิชาเฉพาะด้าน,ศึกษาสาระสำคัญในวิชาวิศวกรรมซอฟต์แวร์ วิธีการพัฒนาความต้องการ และข้อกำหนดของซอฟต์แวร์ วิธีการออกแบบซอฟต์แวร์แบบดั้งเดิม และแบบเชิงอ็อบเจกต์ การตรวจสอบซอฟต์แวร์เทียบกับความต้องการ และเทียบกับข้อกำหนด การยืนยันความถูกต้องของซอฟต์แวร์ การทดสอบซอฟต์แวร์ ซอฟต์แวร์เมตริกซ์ การรับรองคุณภาพ การบริหารโครงงานและโครงสร้างทีม ตลอดจนการบำรุงรักษาซอฟต์แวร์ และเครื่องมือที่ช่วยในงานวิศวกรรมซอฟต์แวร์,,
EN-012-101,คณิตศาสตร์ดิสครีต,3,3(3-0-6),วิชาเฉพาะด้าน,เซตและความสัมพันธ์ ฟังก์ชัน ตรรกที่มีวลีบอกปริมาณและตรรกประยุกต์ การพิสูจน์แบบคณิตศาสตร์ อินดักชันและรีเคอร์ชัน ขั้นตอนวิธีและความซับซ้อน กราฟ พาธ วงจรและต้นไม้ โครงร่างพีชคณิตแบบจำลองทางคณิตศาสตร์ของคอมพิวเตอร์,,
EN-012-103,การสื่อสารข้อมูลและเครือข่ายคอมพิวเตอร์,3,3(2-3-6),วิชาเฉพาะด้าน,ศึกษาและปฏิบัติการเกี่ยวกับการทำงานเครือข่ายคอมพิวเตอร์ ศึกษาแบบอ้างอิงสำหรับเครือข่ายคอมพิวเตอร์ แบบอ้างอิงโอเอสไอ แบบอ้างอิงทีซีพี/ไอพี การทำงานอุปกรณ์เชื่อมต่อเครือข่าย หลักการในการออกแบบ การคำนวณหมายเลขไอพี และปรับแต่งระบบเครือข่ายคอมพิวเตอร์ กลไกลการหาเส้นทางของโปรโตคอล IP และระบบการรักษาความมั่นคงระบบเครือข่ายคอมพิวเตอร์,,
EN-012-205,โครงสร้างข้อมูลและอัลกอริทึม,3,3(2-3-6),วิชาเฉพาะด้าน,โครงสร้างข้อมูลขั้นพื้นฐานและการกระทำที่เกี่ยวข้อง อาเรย์ สแตก คิว ลิสต์ ตาราง ต้นไม้ และ กราฟ ชนิดข้อมูลนามธรรมในภาษาชั้นสูง อัลกอริทึมแบบเรียกตัวเองและแบบทำซ้ำ อัลกอริทึมการเรียงลำดับและการค้นหา และความซับซ้อนของแต่ละวิธี,,
EN-012-208,ระบบปฏิบัติการและโปรแกรมระบบ,3,3(2-2-5),วิชาเฉพาะด้าน,บริการของระบบปฏิบัติการ หน้าที่ การจัดโครงสร้าง กระบวนการ แนวคิดการภาวะพร้อมกัน การจัดจังหวะ บริเวณวิกฤต เซมาฟอร์มอนิเตอร์ ภาวะติดตาย การจัดการหน่วยประมวลผล การจัดการหน่วยความจำ การจัดอุปกรณ์ การจัดการแฟ้มข้อมูล การป้องกันทรัพยากรเครือข่าย ส่วนต่อประสานสำหรับบริการ ฟังก์ชันเรียกใช้งานระบบ ส่วนต่อประสานสำหรับโปรแกรมประยุกต์ (เอพีไอ) เครื่องมือและโปรแกรมอรรถประโยชน์เครื่องมือสำหรับจัดหาระบบ เครื่องมือสำหรับพัฒนาโปรแกรม เครื่องมือสำหรับปฏิบัติงาน,,
EN-012-102,อิเล็กทรอนิกส์สำหรับวิศวกรรมคอมพิวเตอร์,3,3(2-3-6),วิชาเฉพาะด้าน,พื้นฐานของวงจรไฟฟ้า กฎของโอห์ม กฎของเคอร์ซอฟ โครงสร้างวงจรแบบโหนดและแบบลูป ทฤษฎีเทวินิน ทฤษฎีนอร์ตัน และซุปเปอร์โพซิชั่น ตัวเก็บประจุตัวเหนี่ยวนำ อุปกรณ์สารกึ่งตัวนำ คุณสมบัติทางกระแส-แรงดันและความถี่ของอุปกรณ์อิเล็กทรอนิกส์ทฤษฎีรอยต่อพีเอ็นเบื้องต้น วงจรไดโอด การวิเคราะห์และออกแบบวงจรทรานซิสเตอร์ชนิด BJT และ MOS การวิเคราะห์วงจรออปแอมป์และการประยุกต์ใช้งาน,,
EN-012-206,สถาปัตยกรรมและโครงสร้างคอมพิวเตอร์,3,3(3-0-6),วิชาเฉพาะด้าน,ประวัติและภาพรวม สถาปัตยกรรมชุดคำสั่ง การวัดประสิทธิภาพ คณิตศาสตร์เชิงคอมพิวเตอร์ โครงสร้างและการจัดการหน่วยประมวลผลกลาง การจัดการระบบหน่วยความจำและสถาปัตยกรรมหน่วยความจำ การเชื่อมต่อและการสื่อสารของอินพุต/เอาต์พุต ระบบย่อยของอุปกรณ์ต่อพ่วง สถาปัตยกรรมแบบหลายแกน สถาปัตยกรรมระบบแบบกระจาย,,
EN-012-207,ตรรกศาสตร์ของดิจิตอลคอมพิวเตอร์,3,3(2-3-6),วิชาเฉพาะด้าน,ระบบตัวเลข เกตเชิงตรรก และนิพจน์ตรรก พืชคณิตแบบบูล ผังคาร์โนห์ วิธีการใช้ตาราง วงจรตรรกแบบรวมและการใช้งาน วงจรบวก วงจรลบ วงจรแสดงผลพหุคูณ วงจรถอดรหัส วงจรลงรหัส มัลติเพล็กเซอร์ ดีมัลติเพล็กเซอร์ การใช้งานของเกตไตรสเตด ความเร็วและเวลาของวงจรเชิงตรรก วงจรเชิงลำดับ และการออกแบบ ฟลิปฟลอป เคาเตอร์ เรจิสเตอร์,,
EN-012-210,ระบบสมองกลฝังตัว,3,3(2-3-6),วิชาเฉพาะด้าน,พื้นฐานของระบบฝังตัวและเฟิร์มแวร์ ระบบประมวลผลแบบเวลาจริง ระบบควบคุมป้อนกลับ โพรโทคอลการสื่อสาร ตรรกะทรานซิสเตอร์ วงจรระบบความจำ กลุ่มของการเชื่อมต่อทางตรรกะ มาตรฐานการส่งข้อมูล สัญญาณขัดจังหวะ การเข้าถึงหน่วยความจำโดยตรง,,
EN-012-104,การสัมมนาทางวิศวกรรมคอมพิวเตอร์,1,1(0-3-2),โครงงานและสัมมนา,ศึกษา วางแผนและตัดสินใจเลือกงานการบริการสังคมต้นแบบภายในประเทศหรือต่างประเทศที่เกี่ยวข้องกับการผลิตนวัตกรรมที่ได้จากเทคโนโลยีคอมพิวเตอร์และสามารถนำมาใช้ประโยชน์ เสนอโครงการ ทำการศึกษาเชิงประจักษ์ แล้วสรุปและวิจารณ์ผลภายใต้กรอบแนวคิดการบริการสังคมถึงความสำเร็จ,,
EN-012-211,โครงงานวิศวกรรมคอมพิวเตอร์ 1,1,1(0-3-2),โครงงานและสัมมนา,การดำเนินโครงการวิศวกรรมคอมพิวเตอร์เบื้องต้นให้บรรลุความสำเร็จด้วยตนเองตามรูปแบบกระบวนการออกแบบความคิดที่กำหนดโดยหลักสูตรไว้ การจัดทำเอกสารตามรูปแบบ และการนำเสนอเบื้องต้น มีขอบเขตปัญหาทางด้านการพัฒนาระบบด้วยคอมพิวเตอร์ เกษตรอัจฉริยะ หรือระบบอัตโนมัติที่มีประโยชน์ต่อมหาวิทยาลัย ชุมชนหรือท้องถิ่น,,
EN-012-212,โครงงานวิศวกรรมคอมพิวเตอร์ 2,1,1(0-3-2),โครงงานและสัมมนา,การดำเนินโครงการวิศวกรรมคอมพิวเตอร์ให้บรรลุความสำเร็จเป็นกลุ่ม โดยกระบวนการเป็นไปตามการออกแบบที่อาจารย์ที่ปรึกษาโครงการได้กำหนดไว้ การจัดทำเอกสาร และการนำเสนออย่างมืออาชีพ มีขอบเขตปัญหาทางด้านการพัฒนาระบบด้วยคอมพิวเตอร์ เกษตรอัจฉริยะ ระบบอัตโนมัติ ระบบแอพพลิเคชันหรือเว็บไซต์ที่มีประโยชน์ต่อมหาวิทยาลัย ชุมชนหรือท้องถิ่น,,
EN-012-317,โครงงานวิศวกรรมคอมพิวเตอร์ 3,1,1(0-3-2),โครงงานและสัมมนา,พัฒนาข้อเสนอโครงการวิศวกรรมคอมพิวเตอร์ที่มีความซับซ้อนสูงให้บรรลุความสำเร็จเป็นกลุ่ม ดำเนินโครงการกระบวนการเป็นไปตามการออกแบบที่กำหนดเป็นต้นแบบ การจัดทำเอกสาร และการนำเสนออย่างมืออาชีพ มีขอบเขตปัญหาทางด้านการพัฒาระบบด้วยคอมพิวเตอร์ เกษตรอัจฉริยะ ระบบอัตโนมัติ ระบบแอพพลิเคชันหรือเว็บไซต์ที่มีประโยชน์ต่อมหาวิทยาลัย ชุมชนหรือท้องถิ่น หรือเป็นระบบที่มีความต้องการของภาคเอกชนหรือองค์กร เป็นผู้มีส่วนได้ส่วนเสียชัดเจน สามารถสร้างรายได้ระหว่างเรียนได้,,
EN-012-318,โครงงานวิศวกรรมคอมพิวเตอร์ 4,1,1(0-3-2),โครงงานและสัมมนา,การดำเนินโครงการวิศวกรรมคอมพิวเตอร์ที่มีความซับซ้อนสูงให้บรรลุความสำเร็จเป็นกลุ่ม โดยกระบวนการเป็นไปตามการออกแบบที่กำหนด การจัดทำเอกสารและการนำเสนออย่างมืออาชีพ มีขอบเขตปัญหาทางด้านการพัฒนาระบบด้วยคอมพิวเตอร์ เกษตรอัจฉริยะ ระบบอัตโนมัติ ระบบแอพพลิเคชันหรือเว็บไซต์ที่มีประโยชน์ต่อมหาวิทยาลัย ชุมชนหรือท้องถิ่น หรือเป็นระบบที่มีความต้องการของภาคเอกชนหรือองค์กร เป็นผู้มีส่วนได้ส่วนเสียชัดเจน สามารถสร้างรายได้ระหว่างเรียนได้,,
EN-015-319,การเตรียมสหกิจศึกษา,1,1(0-2-1),ประสบการณ์ภาคสนาม,การปฏิบัติการเตรียมความพร้อมก่อนออกปฏิบัติงานในสถานประกอบการโดยให้มีองค์ความรู้ หลักการ และแนวคิดเกี่ยวกับสหกิจศึกษา กระบวนการและขั้นตอนของสหกิจศึกษา ระเบียบ ข้อบังคับที่เกี่ยวข้องกับสหกิจศึกษา ความรู้พื้นฐานและเทคนิคในการสมัครงาน การเลือกสถานประกอบการ การเขียนจดหมายสมัครงาน การสัมภาษณ์งานอาชีพ ความรู้พื้นฐานที่จำเป็นสำหรับการไปปฏิบัติงานในสถานประกอบการ การเสริมสร้างทักษะและจริยธรรมในวิชาเฉพาะสาขาวิชาวิศวกรรมคอมพิวเตอร์ ความรู้เกี่ยวกับมาตรฐานสากล ตลอดจนการเขียนรายงานทางวิชาการและการนำเสนอผลงาน,,
EN-015-420,สหกิจศึกษา,6,6(0-40-0),ประสบการณ์ภาคสนาม,การฝึกปฏิบัติงานในหน่วยงานของภาครัฐ ภาครัฐวิสาหกิจ ภาคเอกชน และสถานประกอบการอย่างมีระบบ โดยนำเอาความรู้ ความสามารถ และทักษะที่ได้ศึกษาตามหลักสูตรไปประยุกต์ใช้งานตามที่ได้รับมอบหมายจากพนักงานที่ปรึกษาของสถานประกอบการณ์ที่เข้าปฏิบัติงานสหกิจศึกษา การวิเคราะห์สาเหตุของปัญหาและเสนอแนวทางการแก้ปัญหา นำเสนอผลการปฏิบัติงาน และจัดทำรายงานการปฏิบัติงานสหกิจศึกษา โดยมีอาจารย์ที่ปรึกษา อาจารย์นิเทศงานสหกิจศึกษา พนักงานที่ปรึกษา ควบคุมดูแลและประเมินผลการปฏิบัติงานสหกิจ การให้คะแนนจะเป็นแบบผ่านหรือไม่ผ่าน,,
EN-013-301,ระบบหุ่นยนต์อัตโนมัติในงานอุตสาหกรรม,3,3(2-2-5),วิชาชีพเลือก,กลุ่มวิชาหุ่นยนต์และอิเล็กทรอนิกส์อัจฉริยะ,หลักการและการประยุกต์ใช้หุ่นยนต์อุตสาหกรรม (แขนกล) ในระบบการผลิตสมัยใหม่ การจำแนกประเภทและลักษณะของหุ่นยนต์อุตสาหกรรม ส่วนประกอบและระบบควบคุม ไคนิแมติคส์ การโปรแกรมการทำงานของหุ่นยนต์อุตสาหกรรม,Principles and applications of industrial robots in modern manufacturing systems; robot classifications and configuration; components and control systems; kinematics; robot programming
EN-013-302,ระบบควบคุมและติดตามด้วยคอมพิวเตอร์,3,3(2-2-5),วิชาชีพเลือก,กลุ่มวิชาหุ่นยนต์และอิเล็กทรอนิกส์อัจฉริยะ,แนะนำระบบไมโครโพรเซสเซอร์ ระบบควบคุมและติดตามตรวจสอบด้วยคอมพิวเตอร์ในระบบวัดและควบคุมอัตโนมัติทั้งส่วนที่เป็นซอฟต์แวร์และฮาร์ดแวร์ การเขียนโปรแกรมคอมพิวเตอร์สำหรับระบบควบคุมและติดตามตรวจสอบ การเขียนโปรแกรมสำหรับไมโครคอนโทรลเลอร์เพื่อทำการประมวลผลสัญญาณดิจิทัลและแอนะล็อก เทคนิคการเขียนโปรแกรมเพื่อให้ไมโครคอนโทรลเลอร์ทำในระบบอัตโนมัติ การออกแบบและพัฒนารูปแบบของข้อมูลเพื่อการสื่อสารข้อมูลระหว่างคอมพิวเตอร์และไมโครคอนโทรลเลอร์ การออกแบบและพัฒนาระบบควบคุมและติดตามตรวจสอบด้วยคอมพิวเตอร์ในระบบวัดและควบคุมอัตโนมัติเพื่อการใช้งานจริง ศึกษาและออกแบบวงจรตรวจวัดสัญญาณ ปรับปรุงสัญญาณ และวงจรขับอุปกรณ์ต่างๆ,Introduction to microprocessor; computer-based control and monitoring systems used in automation systems including software and hardware; computer programming for control and monitoring systems; programming for microcontroller to process digital and analog signals; programming techniques for microcontroller-based automation systems; protocol design and development for data communication between computer and microcontroller; design and develop real-world applications for computer-based control and monitoring systems; study and design sensor circuits; signal conditioner circuits and driver circuits
EN-013-303,ระบบปัญญาและวิชั่นสำหรับหุ่นยนต์,3,3(2-2-5),วิชาชีพเลือก,กลุ่มวิชาหุ่นยนต์และอิเล็กทรอนิกส์อัจฉริยะ,การวิเคราะห์และประมวลผลภาพพื้นฐานที่เกี่ยวกับ การรับรู้รูปร่างและสี การประมวลผลภาพคอนโวลูชั่น การหาขอบ การหาคุณลักษณะ การใช้การถดถอยและจำแนก เอสวีเอ็ม การรู้จำวัตถุ โครงข่ายประสาทเทียมแบบคอนโวลูชั่น การประยุกต์ใช้หุ่นยนต์ระบุตำแหน่ง การกรองและการแกะรอย,"Basic image processing, analysis with shape and color sensing; image convolution; edge detection; feature detection; use regression and classification; support vector machine; object recognition; convolutional neural network; application of robot localization; filtering, and tracking"
EN-013-304,ไมโครโพรเซสเซอร์และการเชื่อมต่อใช้งาน,3,3(2-2-5),วิชาชีพเลือก,กลุ่มวิชาหุ่นยนต์และอิเล็กทรอนิกส์อัจฉริยะ,โครงสร้างของระบบไมโครคอมพิวเตอร์ ไมโครโพรเซสเซอร์ ระบบบัส อินพุทพอร์ต เอาท์พุทพอร์ต การ์ดแสดงผล จอภาพ อุปกรณ์ประกอบอื่นๆ การเขียนโปรแกรมภาษาระดับสูงเพื่อการควบคุมระบบ การออกแบบวงจรเชื่อมต่อเพื่อการควบคุมระบบภายนอกผ่านทางพอร์ตขนาน พอร์ตอนุกรม และพอร์ตอื่นๆ ระบบหน่วยความจำหลัก หน่วยความจำสำรอง ระบบไฟล์ข้อมูล,"microcomputer architecture; microprocessor; various types of bus system; input ports output ports; display adaptor; monitor; peripherals; controlling program using higher level languages; design of interfacing circuit for controlling external circuits via parallel port; serial port, and the other types of ports; main memory system; secondary storage devices; file system"
EN-013-305,การพัฒนาระบบคอมพิวเตอร์ฮาร์ดแวร์,3,3(2-2-5),วิชาชีพเลือก,กลุ่มวิชาหุ่นยนต์และอิเล็กทรอนิกส์อัจฉริยะ,การออกแบบวงจร และลอจิกของฮาร์ดแวร์คอมพิวเตอร์ การจำลองการทำงาน การตรวจสอบและการสร้างระบบคอมพิวเตอร์ รวมถึงส่วนข้อมูล และวงจรควบคุมซีพียู การออกแบบระบบหน่วยความจำ การออกแบบแคช การออกแบบส่วน อินพุท-เอาท์พุท และการเชื่อมต่อ การออกแบบบัส,A study of computer hardware circuit and logic design; circuit simulation and verification; CPU; data path; control logic design; memory system design; cache memory design; Input/output system design and interfacing; bus design
EN-013-306,การออกแบบระบบดิจิทัลขั้นสูงด้วยภาษาเอชดีแอล,3,3(2-2-5),วิชาชีพเลือก,กลุ่มวิชาหุ่นยนต์และอิเล็กทรอนิกส์อัจฉริยะ,การออกแบบระบบดิจิทัลขั้นสูง โดยใช้เกทอาเรย์ที่โปรแกรมได้ (FPGA) โดยให้ความสำคัญกับการออกแบบจากบนลงล่าง โดยเริ่มจากการนำไปประยุกต์ใช้ และแปลงสู่โมเดลระดับสูงโดยใช้ภาษาอธิบายฮาร์ดแวร์,This course covers the systematic design of advanced digital systems using field-programmable gate arrays (FPGAs); the emphasis is on top-down design starting with a software application and translating it to high-level models using a hardware description language
EN-013-307,ระบบคอมพิวเตอร์ฝังตัวแบบไร้สาย,3,3(2-2-5),วิชาชีพเลือก,กลุ่มวิชาหุ่นยนต์และอิเล็กทรอนิกส์อัจฉริยะ,สถาปัตยกรรม การประยุกต์ และชุดโพรโทคอลสำหรับเครือข่ายฝังตัวไร้สาย โพรโทคอลสื่อสารที่ระดับต่างๆ การหาเส้นทางและการไหลของข้อมูล การผสมและประมวลผลข้อมูลระหว่างทาง การอ้างอิงปลายทางเชิงอุปกรณ์และเชิงข้อมูล การจัดการกำลัง การควบคุมโทโพโลจี การพัฒนาและติดตั้งซอฟต์แวร์บนสถานีเชื่อมโยงไร้สาย,"Wireless embedded system architecture, applications, and protocol stack; communication protocols at different layers; routing and data flow; on-route data aggregation and processing; node-centric and data-centric addressing; power management; topology control; developing and deploying software on wireless nodes"
EN-013-308,อินเทอร์เน็ตของสรรพสิ่ง,3,3(2-3-6),วิชาชีพเลือก,กลุ่มวิชาหุ่นยนต์และอิเล็กทรอนิกส์อัจฉริยะ,ความรู้เบื้องต้นเกี่ยวกับอินเทอร์เน็ตของสรรพสิ่ง การเชื่อมต่อเซ็นเซอร์เข้ากับอุปกรณ์ควบคุม การควบคุมการทำงานของอุปกรณ์อินเทอร์เน็ตของสรรพสิ่งผ่านเครือข่ายอินเทอร์เน็ต การสร้างเครือข่ายของอุปกรณ์อินเทอร์เน็ตของสรรพสิ่ง การวิเคราะห์ข้อมูลและประยุกต์ใช้งานในการพัฒนาแอปพลิเคชัน,Introduction to internet of things; working with sensor and actuators; connecting an internet of things device to Internet; creating network of internet of things devices; building smart application with internet of things; internet of things data analytics
EN-013-309,หัวข้อพิเศษทางด้านหุ่นยนต์และอิเล็กทรอนิกส์อัจฉริยะ,3,3(2-2-5),วิชาชีพเลือก,กลุ่มวิชาหุ่นยนต์และอิเล็กทรอนิกส์อัจฉริยะ,การบรรยายและปฏิบัติการในหัวข้อปัจจุบันที่น่าสนใจในด้านหุ่นยนต์และอิเล็กทรอนิกส์อัจฉริยะ,Lectures and discussions on current topics of interest in robotics and smart electronics
EN-013-310,การเรียนรู้ภาคปฏิบัติด้านหุ่นยนต์และอิเล็กทรอนิกส์อัจฉริยะ,3,3(0-40-0),วิชาชีพเลือก,กลุ่มวิชาหุ่นยนต์และอิเล็กทรอนิกส์อัจฉริยะ,การเรียนรู้ภาคปฏิบัติด้านหุ่นยนต์และอิเล็กทรอนิกส์อัจฉริยะในสถานประกอบการโดยให้มีความรู้ หลักการและแนวคิดเกี่ยวกับวิศวกรรมคอมพิวเตอร์,Work-Based Learning in robotics and smart electronics in the workplaces for having knowledge: principles and concepts about computer engineering
EN-013-311,ระบบเครือข่ายแบบทีซีพีไอพี,3,3(3-0-6),วิชาชีพเลือก,กลุ่มวิชาโครงสร้างพื้นฐานและระบบเครือข่าย,ระดับชั้นของทีซีพีไอพี แอดเดรสในเครือข่ายอินเทอร์เน็ต ระบบชื่อโดเมน รายละเอียดของโพรโทคอลไอพี เออาร์พี ไอซีเอ็มพี ทีซีพี และ ยูดีพี การหาเส้นทางในเครือข่ายอินเทอร์เน็ต โพรโทคอลหาเส้นทาง ได้แก่ อาร์ไอพี โอเอสพีเอฟ ไอเอสไอเอส บีจีพี อธิบายถึงอุปกรณ์หาเส้นทาง การหาเส้นทางในเครือข่ายมัลติคาสต์ ไอพีเวอร์ชัน 6 โพรโทคอลประยุกต์ ได้แก่ โพรโทคอลไอจีเอ็มพี เอฟทีพี เอสเอ็มทีพี,"TCP/IP layers, internet address, and domain name system; TCP/IP protocol suits: IP, ARP, ICMP, TCP and UDP; Internet and routing protocol: RIP, OSPF, IS-IS, BGP; it also covers routing device, multicast routing; IPv6 and other application protocol: IGMP, FTP, SMTP"
EN-013-312,เทคโนโลยีเครือข่ายไร้สาย,3,3(3-0-6),วิชาชีพเลือก,กลุ่มวิชาโครงสร้างพื้นฐานและระบบเครือข่าย,พื้นฐานของเทคโนโลยีเครือข่ายไร้สาย หลักการและทฤษฎีการออกแบบและวางแผน การติดตั้งใช้งาน การดำเนินงาน และการแก้ไขปัญหาของระบบเครือข่ายแลนไร้สาย การฝึกปฏิบัติ ความปลอดภัยของเทคโนโลยีเครือข่ายแลนไร้สาย แนวปฏิบัติที่ดีในการออกแบบติดตั้งระบบเครือข่ายแลนไร้สาย,"Introduction to wireless network technology; design and principles; installation, operation and solving wireless LAN system; practice network security of wireless technology; good practices in design and setup wireless LAN"
EN-013-313,เครือข่ายเซ็นเซอร์ไร้สาย,3,3(3-0-6),วิชาชีพเลือก,กลุ่มวิชาโครงสร้างพื้นฐานและระบบเครือข่าย,พื้นฐานของเทคโนโลยีเครือข่ายไร้สายและเครือข่ายเซนเซอร์แบบกระจาย การออกแบบเซนเซอร์พลังงานต่ำ การส่งผ่านข้อมูลผ่านเครือข่ายไร้สาย การทำงานและการตรวจสอบด้านสิ่งแวดล้อมด้วยเซนเซอร์ การเฝ้าระวังภาคสนาม ระบบอัตโนมัติภายในบ้าน การตรวจสอบทางการแพทย์ด้วยเซนเซอร์,"Introduction to wireless network technology and distributed sensor network; low power sensor design, data transmission of the wireless network; operation and environmental monitoring with sensors; field surveillance; home automation and medical monitoring by sensors"
EN-013-314,การออกแบบและติดตั้งระบบในองค์กร,3,3(3-0-6),วิชาชีพเลือก,กลุ่มวิชาโครงสร้างพื้นฐานและระบบเครือข่าย,"การออกแบบและการวางแผนโครงสร้างพื้นฐานของระบบเทคโนโลยีสารสนเทศภายในองค์กรสมัยใหม่ ความปลอดภัยของระบบและความพร้อมให้บริการ การตรวจสอบแบบอัตโนมัติ การจัดหาโซลูชั่นและสิ่งสนับสนุนสำหรับองค์กร ศึกษาวิธีการทำงานของระบบพื้นฐานและการติดตั้ง ได้แก่ ระบบจัดเก็บข้อมูล ระบบการให้บริการด้านเครือข่าย (DNS Server, DHCP Server, Mail Server, Virtual Private Network) และการบริการแบบกระจาย","Design and planning of information system infrastructure in a modern enterprise; security system and availability; automatic inspection; providing solution and support for the enterprise; study of a basic system installation, network services (DNS Server, DHCP Server, Mail Server, Virtual Private Network) and distributed services"
EN-013-315,ความปลอดภัยเครือข่ายในองค์กร,3,3(2-2-5),วิชาชีพเลือก,กลุ่มวิชาโครงสร้างพื้นฐานและระบบเครือข่าย,การเข้ารหัสและถอดรหัสแบบต่างๆ ที่ใช้ในระบบคอมพิวเตอร์และระบบเครือข่ายในองค์กร การเข้ารหัสแบบบล็อค การเข้ารหัสแบบสุ่ม แฮชฟังก์ชัน การอนุญาตให้เข้าใช้ระบบ การเข้ารหัสเพื่อควบคุมการอนุญาตให้เข้าใช้ระบบ รหัสลายเซ็นดิจิตอล การป้องกันการเข้าเจาะระบบโดยผู้ไม่ประสงค์ดี,Various encryption and decryption in a computer system and network in enterprises; block encryption; random encryption; hash function system authorization and encryption for access control; digital signature code; protection accessing by hackers
EN-013-316,การประมวลผลคลาวด์,3,3(2-2-5),วิชาชีพเลือก,กลุ่มวิชาโครงสร้างพื้นฐานและระบบเครือข่าย,ภาพรวมและพื้นฐานของการประมวลผลคลาวด์ เทคโนโลยีและตัวอย่างการใช้โครงสร้างการประมวลผลคลาวด์ สถาปัตยกรรมโครงสร้างระบบคลาวด์ การออกแบบและวางแผน ปัจจัยและความจำเป็นของการให้บริการระบบคลาวด์ รูปแบบคลาวด์ต่างๆ ได้แก่ ฮาร์ดแวร์ ซอฟต์แวร์ โครงสร้างพื้นฐาน ความปลอดภัยในระบบคลาวด์,"Introduction to cloud computing, technologies and applications of cloud computing infrastructure; cloud computing architecture; design and planning; factors and necessities of cloud services; types of cloud computing including hardware, software, infrastructure and security"
EN-013-317,การเขียนโปรแกรมบนเครือข่ายคอมพิวเตอร์,3,3(2-2-5),วิชาชีพเลือก,กลุ่มวิชาโครงสร้างพื้นฐานและระบบเครือข่าย,การเขียนโปรแกรมเพื่อติดต่อระหว่างโพรเซส เทคนิคในการทำงานร่วมกันระหว่างโพรเซส การบริหารหน่วยความจำขั้นสูง การจัดการกับระบบไฟล์ ความมั่นคงในการทำงานแบบไคลเอนต์เซิร์ฟเวอร์ โพรเซสแบบมัลติเธรด และเทคนิคต่าง ๆ ในการสื่อสารผ่านเครือข่าย,Programming for inter-process communication; synchronization techniques; advanced memory management; file system handling; client/server security; multi-threaded process; various network communication techniques
EN-013-318,การเขียนโปรแกรมบนระบบยูนิกซ์ขั้นสูง,3,3(2-2-5),วิชาชีพเลือก,กลุ่มวิชาโครงสร้างพื้นฐานและระบบเครือข่าย,ระบบปฏิบัติการยูนิกซ์และการเขียนโปรแกรมในระดับของระบบปฏิบัติการ ประกอบด้วยการเขียนโปรแกรมเซลล์ การใช้งานซิสเต็มคอลล์ ระบบไฟล์และไดเร็กทอรี การประมวลผลไฟล์ การสร้างโพรเซส การควบคุมโพรเซส การส่งสัญญาณ การติดต่อกับเทอร์มินอล การสร้างเดมอนโพรเซส และการติดต่อระหว่างโปรแกรม,"UNIX operating system with an emphasis on programming at the system level including shells and shell script programming; UNIX system calls; file and directory systems; file processing; UNIX process; process control; terminal I/O; daemon process, inter-process communication"
EN-013-319,หัวข้อพิเศษทางด้านโครงสร้างพื้นฐานและระบบเครือข่าย,3,3(3-0-6),วิชาชีพเลือก,กลุ่มวิชาโครงสร้างพื้นฐานและระบบเครือข่าย,การบรรยายและปฏิบัติการในหัวข้อปัจจุบันที่น่าสนใจในด้านโครงสร้างพื้นฐานและระบบเครือข่าย,Lectures and discussions on current topics of interest in infrastructure and network system
EN-013-320,การเรียนรู้ภาคปฏิบัติด้านโครงสร้างพื้นฐานและระบบเครือข่าย,3,3(0-40-0),วิชาชีพเลือก,กลุ่มวิชาโครงสร้างพื้นฐานและระบบเครือข่าย,การเรียนรู้ภาคปฏิบัติด้านโครงสร้างพื้นฐานและระบบเครือข่ายในสถานประกอบการโดยให้มีความรู้ หลักการและแนวคิดเกี่ยวกับวิศวกรรมคอมพิวเตอร์,Work-Based Learning in infrastructure and network system in the workplaces for having knowledge; principles and concepts about computer engineering
EN-013-321,ข้อมูลขนาดใหญ่,3,3(3-0-6),วิชาชีพเลือก,กลุ่มวิชาข้อมูลขนาดใหญ่และปัญญาประดิษฐ์,แนวคิดเกี่ยวกับหลักการข้อมูลขนาดใหญ่ เชิงนามธรรม การเก็บและโครงสร้างของข้อมูล การคิดคำนวณเกี่ยวกับการแยกส่วน การรู้จำรูปแบบและเชิงนามธรรม การแสดงข้อมูลและการวิเคราะห์ข้อมูลขนาดใหญ่ในระบบคลาวด์ การขับเคลื่อนปัญหาและออกแบบขั้นตอนวิธีสำหรับข้อมูลขนาดใหญ่ การใช้เครื่องมือสำหรับการวิเคราะห์,"Big data concepts including data abstraction, storage and structures; computational thinking which includes decomposition, pattern recognition and abstraction; cloud-based big data representation and analysis; data-driven problem and algorithm design for big data; using analytical tools"
EN-013-322,การทำเหมืองข้อมูล,3,3(3-0-6),วิชาชีพเลือก,กลุ่มวิชาข้อมูลขนาดใหญ่และปัญญาประดิษฐ์,แนวคิดและเทคนิคในการทำเหมืองข้อมูล ประสิทธิภาพและข้อดีข้อเสียของอัลกอริทึมต่างๆ ที่ใช้ในการทำเหมืองข้อมูล กระบวนการเตรียมข้อมูล การหารูปแบบที่เกิดขึ้นบ่อย การวิเคราะห์ ความสัมพันธ์ การหากฎความสัมพันธ์ การจำแนกประเภท การทำนาย การวิเคราะห์กลุ่ม โครงข่ายประสาทเทียม การทำเหมืองข้อมูลกับข้อมูลพิเศษ ข้อมูลสื่อผสม ข้อมูลเครือข่ายสังคม ข้อมูลเชิงพื้นที่การประยุกต์ใช้และทิศทางของการทำเหมืองข้อมูล คลังข้อมูล,"Data mining concepts and techniques; efficiency, pros and cons of data mining algorithms; data preprocessing; frequent pattern mining; association rules; classification; prediction; cluster analysis; neural network; mining special data: multimedia data, social network data, and spatial data; data mining applications and trends; data warehousing"
EN-013-323,การประมวลผลภาพ,3,3(2-2-5),วิชาชีพเลือก,กลุ่มวิชาข้อมูลขนาดใหญ่และปัญญาประดิษฐ์,สัญญาณภาพ การวิเคราะห์สัญญาณภาพ การได้มาซึ่งข้อมูลภาพ การแทนสัญญาณของภาพด้วยฟังก์ชันทางคณิตศาสตร์ การสุ่มและควอนไตช์สัญญาณภาพ การเพิ่มคุณภาพของภาพทั้งในโดเมนของขอบเขตพื้นที่ และโดเมนความถี่ การกรอง การแบ่งส่วนของภาพ การแปลความหมายภาพ การเข้ารหัสข้อมูลภาพ และการประยุกต์ใช้งาน,Image Signal; analysis image signal; image acquisition; image enhancement in the spatial domain; image enhancement in the frequency domain; image filtering; image segmentation; image representation; image coding and survey of applications
EN-013-324,คอมพิวเตอร์กราฟิก,3,3(2-2-5),วิชาชีพเลือก,กลุ่มวิชาข้อมูลขนาดใหญ่และปัญญาประดิษฐ์,ประวัติศาสตร์และภาพรวมในคอมพิวเตอร์กราฟิก ระบบคอมพิวเตอร์กราฟฟิกส่วนต่อประสานสำหรับการเขียนโปรแกรมประยุกต์กราฟิก ขั้นตอนวิธีแรสเตอร์กราฟฟิกพื้นฐาน การแปลงเรขาคณิต ทัศนะ การพิจารณากำหนดพื้นผิวที่ปรากฏการส่องแสงและการเรนเดอร์พื้นผิว องค์ประกอบพื้นฐานของความจริงเสมือน เครื่องมือสำหรับการสร้างความจริงเสมือน การออกแบบสภาพแวดล้อมเสมือนจริง การผสานเทคโนโลยีความจริงเสมือน การประยุกต์ใช้ความจริงเสมือน โครงการเกมโลกเสมือนผสานโลกจริง,History and overview in computer graphics; computer graphics systems; graphics application programming interface; basic raster graphics algorithms; geometrical transformations; viewing; visible surface determination; illumination and surface-rendering. basic elements of virtual reality; tools for creating virtual reality; designing a virtual environment; combining the technology of virtual reality; application of virtual reality; augmented reality game project
EN-013-325,คอมพิวเตอร์วิชั่น,3,3(2-2-5),วิชาชีพเลือก,กลุ่มวิชาข้อมูลขนาดใหญ่และปัญญาประดิษฐ์,การเกิดภาพ การตรวจหาลักษณะเด่น ขอบ สี ลวดลาย การตัดแยกและการแทนบริเวณส่วนภาพ การรู้จำและการจำแนกแบบรูป การวิเคราะห์ข้อมูลพลวัตของภาพวิทัศน์สามมิติ การประยุกต์คอมพิวเตอร์วิทัศน์ในงาน,Image formation; feature detection; edge; color; texture; segmentation and region representation; pattern recognition and classification; dynamic vision; 3D vision; computer vision applications
EN-013-326,การรู้จำรูปแบบ,3,3(2-2-5),วิชาชีพเลือก,กลุ่มวิชาข้อมูลขนาดใหญ่และปัญญาประดิษฐ์,ทฤษฎีความน่าจะเป็นแบบเบย์ ทฤษฎีการประมาณการ ฟังก์ชันดิสคริมิแนนต์เชิงเส้น ซัพพอร์ตเวกเตอร์แมชชีน โครงข่ายประสาท ต้นไม้ตัดสินใจ การจัดกลุ่ม,Bayesian decision theory; estimation theory; linear discrimination functions; support vector machines; neural networks; deep learning; decision trees; clustering
EN-013-327,การเรียนรู้ของเครื่อง,3,3(2-2-5),วิชาชีพเลือก,กลุ่มวิชาข้อมูลขนาดใหญ่และปัญญาประดิษฐ์,แนะนำภาพรวมของการเรียนรู้ของเครื่องและการรู้จำรูปแบบเชิงสถิติ การเรียนรู้แบบมีผู้ดูแล การเรียนรู้แบบทั่วไปและการเรียนรู้แบบจำแนก การเรียนรู้แบบสัมพันธ์และไม่สัมพันธ์กับตัวแปร เครือข่ายนิวรัล ซัพพอร์ตเวกเตอร์แมชชีน การเรียนรู้แบบไม่มีผู้ดูแล การจัดกลุ่ม การลดมิติ ระบบให้คำแนะนำ การเรียนรู้แบบลึกทฤษฎีการเรียนรู้ การเรียนรู้แบบมีแรงเสริม และการควบคุมการปรับตัว,Introduction to machine learning and statistical pattern recognition; supervised learning generative/discriminative learning; parametric/non-parametric learning; neural networks; support vector machines; unsupervised learning clustering; dimensionality reduction; recommender systems; deep learning; learning theory (bias/variance tradeoffs; VC theory; large margins); reinforcement learning and adaptive control.
EN-013-328,การประยุกต์ใช้ปัญญาประดิษฐ์,3,3(2-2-5),วิชาชีพเลือก,กลุ่มวิชาข้อมูลขนาดใหญ่และปัญญาประดิษฐ์,นิยามปัญญาประดิษฐ์ การแก้ปัญหาโดนการค้น การแทนความรู้ การประมวลผลภาษาธรรมชาติ การเรียนรู้เครื่องจักร โครงข่ายประสาทเทียม การประยุกต์ใช้กับการตรวจจับวัตถุและพื้นที่สำหรับคอมพิวเตอร์วิทัศน์ และ การรู้จำเสียง,Definition of artificial intelligence problem solving by search; knowledge representation; natural language processing; machine learning; artificial neural networks; application of object detection and segmentation in computer vision and speech recognition
EN-013-329,หัวข้อพิเศษทางด้านข้อมูลขนาดใหญ่และปัญญาประดิษฐ์,3,3(2-2-5),วิชาชีพเลือก,กลุ่มวิชาข้อมูลขนาดใหญ่และปัญญาประดิษฐ์,การบรรยายและปฏิบัติการในหัวข้อปัจจุบันที่น่าสนใจในด้านข้อมูลขนาดใหญ่และปัญญาประดิษฐ์,Lectures and discussions on current topics of interest in big data and artificial intelligence
EN-013-330,การเรียนรู้ภาคปฏิบัติด้านข้อมูลขนาดใหญ่และปัญญาประดิษฐ์,3,3(0-40-0),วิชาชีพเลือก,กลุ่มวิชาข้อมูลขนาดใหญ่และปัญญาประดิษฐ์,การเรียนรู้ภาคปฏิบัติด้านข้อมูลขนาดใหญ่และปัญญาประดิษฐ์ในสถานประกอบการโดยให้มีความรู้ หลักการและแนวคิดเกี่ยวกับวิศวกรรมคอมพิวเตอร์,Work-Based Learning in big data and artificial intelligence in the workplaces for having knowledge; principles and concepts about computer engineering
EN-013-331,การพัฒนาแอปพลิเคชันบนอุปกรณ์เคลื่อนที่,3,3(2-3-6),วิชาชีพเลือก,กลุ่มวิชาการพัฒนาซอฟต์แวร์,ศึกษาพื้นฐานของระบบประมวลผลบนอุปกรณ์พกพาหรือเคลื่อนที่ มาตรฐานระบบเครือข่ายไร้สายแบบต่างๆ ระบบปฏิบัติการบนอุปกรณ์เคลื่อนที่ การสร้างอินเตอร์เฟสสำหรับรับข้อมูลและ แสดงผลต่อผู้ใช้งานหลักทั่วไป และการเขียนโปรแกรมสำหรับอุปกรณ์เคลื่อนที่,A study of basic computation on mobile; standard Wireless networking and operating system on mobile devices; development user interface input/output; handle user interactive on touch screen and gesture; programming for mobile
EN-013-332,ระบบภูมิศาสตร์สารสนเทศ,3,3(2-2-5),วิชาชีพเลือก,กลุ่มวิชาการพัฒนาซอฟต์แวร์,แนวคิดและเทคโนโลยีของระบบสารสนเทศเชิงภูมิศาสตร์ โดยศึกษาแหล่งข้อมูลทางอวกาศ แบบจำลอง และโครงสร้างข้อมูลทางอวกาศ การบริการฐานข้อมูลทางอวกาศ ระบบนำเสนอแผนที่ การใช้รหัสเชิงภูมิศาสตร์ และการอ้างอิงทางภูมิศาสตร์ การวิเคราะห์ทางอวกาศ การดูข้อมูลแผนที่ภาพถ่าย การใช้แอพลิเคชันของระบบสารสนเทศเชิงภูมิศาสตร์ เช่น การหาตำแหน่ง การนำทาง การหาเส้นทางและศึกษาซอฟต์แวร์ระบบสารสนเทศเชิงภูมิศาสตร์ที่ใช้ในเชิงพาณิชย์,"Introduction to geographic information system (GIS) concept and technology including spatial data sources; spatial data models and structures; spatial database management; map projection systems; geocoding and georeferencing; spatial analysis; spatial data visualization (maps); GIS applications (e.g., address-location finding, navigation, routing), and commercial GIS software packages"
EN-013-333,เทคโนโลยีเว็บและแอปพลิเคชัน,3,3(2-2-5),วิชาชีพเลือก,กลุ่มวิชาการพัฒนาซอฟต์แวร์,เทคนิคที่เกี่ยวข้องกับการออกแบบและพัฒนาเว็บไซต์ หลักการเว็บเซอร์วิสและเว็บแอปพลิเคชัน ภาษาและเทคโนโลยีเว็บไซต์ฝั่งเครื่องลูกข่าย ได้แก่ HTML JavaScript CSS ภาษาและเทคโนโลยีเว็บไซต์ฝั่งเครื่องแม่ข่าย ได้แก่ PHP การจัดการฐานข้อมูลผ่านเว็บไซต์ การประยุกต์ใช้ เฟรมเวิร์คของเว็บ และความปลอดภัยของเว็บแอปพลิเคชัน,"Techniques related to designing, developing and deploying Web sites about Web Service and Web Application. During the course, students will learn about Web design, the programming language of client-side; HTML, JavaScript, Cascading Style Sheets (CSS), Dynamic HTML, and server side; PHP, website management; database system and security, applying web framework"
EN-013-334,การออกแบบและพัฒนาซอฟต์แวร์,3,3(2-2-5),วิชาชีพเลือก,กลุ่มวิชาการพัฒนาซอฟต์แวร์,แนะนำการออกแบบและสถาปัตยกรรมของซอฟต์แวร์เบื้องต้น กระบวนทัศน์การเขียนโปรแกรม หลักการออกแบบ หลักการองค์ประกอบ การติดต่อกัน ความเป็นอิสระ นโยบายและระดับ กฎเกณฑ์ทางธุรกิจ ชั้นและขอบเขต แนวคิดการออกแบบและพัฒนาซอฟต์แวร์ วิธีการและเครื่องมือโดยหลักการเขียนโปรแกรมเชิงวัตถุแบบคงที่ การควบคุมเวอร์ชั่น รูปแบบการออกแบบ การทดสอบระดับยูนิตและการจัดองค์ประกอบของโค้ดใหม่,"Introduction to software design and architecture, programming paradigms, design principles, component principles; cohesion, independence, policy and level, business rules, layers and boundaries. Software design and development concepts, methods, and tools using a statically typed object-oriented programming language, version control, design patterns, unit testing, and refactoring"
EN-013-335,การวิเคราะห์และออกแบบเชิงวัตถุ,3,3(2-2-5),วิชาชีพเลือก,กลุ่มวิชาการพัฒนาซอฟต์แวร์,วัฏจักรชีวิตของระบบ การบริหารโครงการ การวางแผนโครงการ การศึกษาการศึกษาความเป็นไปได้แบบจำลองเชิงธุรกิจ ความต้องการระบบ การนิยามปัญหาการกำหนดความต้องการ การวิเคราะห์ระบบและพฤติกรรม การออกแบบระบบหลักการออกแบบ การออกแบบเชิงวัตถุ การออกแบบโครงสร้างพื้นฐานและสถาปัตยกรรมระบบ การออกแบบส่วนติดต่อประสานผู้ใช้ การออกแบบคลาส เมธอด กิจกรรมภายหลังการออกแบบทำให้เกิดผล การทดสอบ การติดตั้งและการบำรุงรักษา,"Systems life cycle, project management: project planning, feasibility study; business modeling; systems requirements: problem definition, requirements determination, systems analysis and modeling: analysis strategy, unified modeling language (UML), functional, structural, behavioral modeling; systems design: design principles, object-oriented design, systems infrastructure and architecture design; user interface design; class/method design; post design activities: implementation, testing, installation and maintenance"
EN-013-336,การวิเคราะห์และออกแบบระบบสารสนเทศ,3,3(2-2-5),วิชาชีพเลือก,กลุ่มวิชาการพัฒนาซอฟต์แวร์,การศึกษาความสำคัญของเทคโนโลยีสารสนเทศต่อองค์กรธุรกิจ วงจรชีวิตการพัฒนาระบบ (SDLC) การเก็บรวบรวมข้อมูล การวิเคราะห์ระบบ แผนผังบริบทของระบบ แผนผังการไหลของข้อมูล การออกแบบอินเทอร์เฟซผู้ใช้ การออกแบบเชิงวัตถุ กรณีศึกษาการออกแบบระบบสารสนเทศในองค์กร,"A study of the importance of information technology to business organizations, systems development life cycle (SDLC), data collection, system analysis, system context diagram, data flow diagram, user interface design, object-oriented design, case study of information system design in organizations"
EN-013-337,การทดสอบซอฟต์แวร์,3,3(2-2-5),วิชาชีพเลือก,กลุ่มวิชาการพัฒนาซอฟต์แวร์,พื้นฐานการทดสอบและทวนสอบ ระดับการทดสอบ ชนิดการทดสอบ เทคนิคการทดสอบ การตรวจสอบ การสร้างการทดสอบ เครื่องมือในการทดสอบ การวางแผนและการจัดการการทดสอบ วิธีเชิงรูปนัย การวิเคราะห์คุณภาพซอฟต์แวร์ รูปแบบการทดสอบในเอไจล์,Basics of testing and verification; test levels; test types; testing techniques; inspection; test implementation; test tools; test planning and management; formal methods; software quality analysis; testing in agile development
EN-013-338,การออกแบบการปฏิสัมพันธ์และประสบการณ์ของผู้ใช้,3,3(2-2-5),วิชาชีพเลือก,กลุ่มวิชาการพัฒนาซอฟต์แวร์,บริบทสำหรับปฏิสัมพันธ์ระหว่างมนุษย์และคอมพิวเตอร์ เช่น โปรแกรมประยุกต์ทางธุรกิจ เว็บ เกมส์ ประเด็นทางสังคมที่มีผลต่อการออกแบบและการใช้ปฏิสัมพันธ์ระหว่างมนุษย์และคอมพิวเตอร์ มาตรฐานในการออกแบบส่วนติดต่อผู้ใช้ การออกแบบและสร้างส่วนติดต่อผู้ใช้สำหรับระบบทั่วไปและโปรแกรมประยุกต์บนเว็บ กระบวนการในการพัฒนาโดยถือผู้ใช้เป็นศูนย์กลาง ข้อผิดพลาดทั่วไปจากการออกแบบส่วนติดต่อผู้ใช้ หลักการพื้นฐานสำหรับส่วนติดต่อผู้ใช้ในแบบกราฟิก การทำงานตามเหตุการณ์ ที่เกิดขึ้น,"Contexts for HCI (mobile devices, consumer devices, business applications, web, game); social issues influencing HCI design and use; user interface standard; design and construct a user interface for native systems and web applications; process for user-centered development; the most common interface design mistakes; principles of graphical user interfaces (GUIs); user interface events"
EN-013-339,หัวข้อพิเศษทางด้านการพัฒนาซอฟต์แวร์,3,3(2-2-5),วิชาชีพเลือก,กลุ่มวิชาการพัฒนาซอฟต์แวร์,การบรรยายและปฏิบัติการในหัวข้อปัจจุบันที่น่าสนใจในด้านการพัฒนาซอฟต์แวร์,Lectures and discussions on current topics of interest in software development
EN-013-340,การเรียนรู้ภาคปฏิบัติด้านการพัฒนาซอฟต์แวร์,3,3(0-40-0),วิชาชีพเลือก,กลุ่มวิชาการพัฒนาซอฟต์แวร์,การเรียนรู้ภาคปฏิบัติด้านการพัฒนาซอฟต์แวร์ในสถานประกอบการโดยให้มีความรู้หลักการและแนวคิดเกี่ยวกับวิศวกรรมคอมพิวเตอร์,Work-Based Learning in software development in the workplaces for having knowledge; principles and concepts about computer engineering